DROP TABLE IF EXISTS `application`;
DROP TABLE IF EXISTS `authentication_provider`;
DROP TABLE IF EXISTS `gateway_config`;
DROP TABLE IF EXISTS `hibernate_sequence`;
DROP TABLE IF EXISTS `links`;
DROP TABLE IF EXISTS `roles_categories`;
DROP TABLE IF EXISTS `roles`;

CREATE TABLE `application` (
  `appId` int(11) NOT NULL AUTO_INCREMENT,
  `applicationName` varchar(255) NOT NULL DEFAULT '',
  `description` varchar(255) NOT NULL DEFAULT '',
  `context` varchar(255) NOT NULL DEFAULT '',
  `photo` varchar(255) NOT NULL DEFAULT '',
  `permitAll` int(11) NOT NULL DEFAULT '0',
  `roleCategoryId` int(11) NOT NULL DEFAULT '0',
  `providerId` int(11) NOT NULL DEFAULT '0',
   strict varchar(2) default 'N',
   resourceid varchar(255) default null,
  PRIMARY KEY (`appId`)
) ENGINE=InnoDB AUTO_INCREMENT=30 DEFAULT CHARSET=latin1;


CREATE TABLE `authentication_provider` (
  `providerId` bigint(20) NOT NULL AUTO_INCREMENT,
  `active` varchar(255) DEFAULT NULL,
  `clientId` varchar(255) DEFAULT NULL,
  `clientSecret` varchar(255) DEFAULT NULL,
  `provider_name` varchar(32) DEFAULT NULL,
  `type_provider` varchar(255) DEFAULT NULL,
  `url` varchar(255) DEFAULT NULL,
  PRIMARY KEY (`providerId`)
) ENGINE=InnoDB AUTO_INCREMENT=2 DEFAULT CHARSET=latin1;


CREATE TABLE `gateway_config` (
  `gateway_id` bigint(20) NOT NULL AUTO_INCREMENT,
  `active` varchar(255) DEFAULT NULL,
  `creation_date_time` datetime DEFAULT NULL,
  `description` varchar(255) DEFAULT NULL,
  `is_new` varchar(255) DEFAULT NULL,
  `key_config` varchar(255) DEFAULT NULL,
  `value` varchar(255) DEFAULT NULL,
  PRIMARY KEY (`gateway_id`)
) ENGINE=InnoDB AUTO_INCREMENT=4 DEFAULT CHARSET=latin1;

CREATE TABLE `hibernate_sequence` (
  `next_val` bigint(20) DEFAULT NULL
) ENGINE=InnoDB DEFAULT CHARSET=latin1;

CREATE TABLE `links` (
  `linkId` bigint(20) NOT NULL AUTO_INCREMENT,
  `active` varchar(255) DEFAULT NULL,
  `categoryId` bigint(20) DEFAULT NULL,
  `context` varchar(100) DEFAULT NULL,
  `creationDateTime` datetime DEFAULT NULL,
  `path` varchar(255) DEFAULT NULL,
  `permitall` varchar(255) DEFAULT NULL,
  `providerId` bigint(20) DEFAULT NULL,
  `roles` varchar(255) DEFAULT NULL,
  `sensitiveHeaders` varchar(255) DEFAULT NULL,
  `service_id` varchar(100) DEFAULT NULL,
  `stripPrefix` varchar(255) DEFAULT NULL,
  `url` varchar(255) DEFAULT NULL,
  `appId` int(11) NOT NULL DEFAULT '0',
   strict varchar(2) default 'N',
   resourceid varchar(255) default null,  
  PRIMARY KEY (`linkId`)
) ENGINE=InnoDB AUTO_INCREMENT=86 DEFAULT CHARSET=latin1;

CREATE TABLE `roles_categories` (
  `roleCategoryId` bigint(20) NOT NULL AUTO_INCREMENT,
  `category_description` varchar(255) DEFAULT NULL,
  `category_name` varchar(32) DEFAULT NULL,
  `creationDateTime` datetime DEFAULT NULL,
  PRIMARY KEY (`roleCategoryId`)
) ENGINE=InnoDB AUTO_INCREMENT=2 DEFAULT CHARSET=latin1;

CREATE TABLE `roles` (
  `roleId` bigint(20) NOT NULL AUTO_INCREMENT,
  `role_name` varchar(32) DEFAULT NULL,
  `category_id` bigint(20) DEFAULT NULL,
  PRIMARY KEY (`roleId`),
  KEY `FK5gs1esew9aj28627pj40dvmyn` (`category_id`),
  CONSTRAINT `FK5gs1esew9aj28627pj40dvmyn` FOREIGN KEY (`category_id`) REFERENCES `roles_categories` (`roleCategoryId`)
) ENGINE=InnoDB AUTO_INCREMENT=2 DEFAULT CHARSET=latin1;


insert into `application`(`appId`,`applicationName`,`description`,`context`,`photo`,`permitAll`,`roleCategoryId`,`providerId`) values (24,'Autosales','This application is used to help an agent to input customer data (CRM) , make illustration proposal and make SPAJ.','/autosales','autosales.JPG',1,0,0);
insert into `application`(`appId`,`applicationName`,`description`,`context`,`photo`,`permitAll`,`roleCategoryId`,`providerId`) values (25,'Smile Go','SMiLe go! adalah aplikasi untuk melakukan recruitment calon agen baru yang akan bergabung dengan perusahaan Asuransi Jiwa Sinarmas MSIG.
Aplikasi ini juga bertujuan untuk mempercepat proses rekrut agen baru dengan menggunakan aplikasi mobile','/agency','smilego.JPG',1,0,0);
insert into `application`(`appId`,`applicationName`,`description`,`context`,`photo`,`permitAll`,`roleCategoryId`,`providerId`) values (26,'Smile Go Test','Testing for Smile Go','/agencytest','smilego.JPG',1,0,0);
insert into `application`(`appId`,`applicationName`,`description`,`context`,`photo`,`permitAll`,`roleCategoryId`,`providerId`) values (27,'MPolicy Test','MPolicy for Web Testing','/mpolicytest','imagenotavailable.png',1,0,0);
insert into `application`(`appId`,`applicationName`,`description`,`context`,`photo`,`permitAll`,`roleCategoryId`,`providerId`) values (28,'Node JS Chandra','Ini untuk coba-coba si chandr','/nodejs','imagenotavailable.png',0,1,1);
insert into `application`(`appId`,`applicationName`,`description`,`context`,`photo`,`permitAll`,`roleCategoryId`,`providerId`) values (29,'Amazon','Amazon','/amazon','amazon_dkblue_noto_email_v2016_us-main._CB468775337_.png',1,0,0);

insert into `authentication_provider`(`providerId`,`active`,`clientId`,`clientSecret`,`provider_name`,`type_provider`,`url`) values (1,'Y','clientauthcode','123456','Manager Oauth','oauth2','http://localhost:8787/oauth/check_token');

insert into `gateway_config`(`active`,`creation_date_time`,`gateway_id`,`description`,`is_new`,`key_config`,`value`) values ('Y','2019-03-22 13:26:46',1,'Token Authorization Url','Y','gateway.locator.prop.remote.token.services','http://localhost:9090/oauth/check_token');
insert into `gateway_config`(`active`,`creation_date_time`,`gateway_id`,`description`,`is_new`,`key_config`,`value`) values ('Y','2019-03-22 13:26:46',2,'Client id application','Y','gateway.locator.prop.remote.token.clientid','clientapp');
insert into `gateway_config`(`active`,`creation_date_time`,`gateway_id`,`description`,`is_new`,`key_config`,`value`) values ('Y','2019-03-22 13:26:46',3,'Client secret','Y','gateway.locator.prop.remote.token.clientsecret','123456');
insert into `roles_categories`(`roleCategoryId`,`category_description`,`category_name`,`creationDateTime`) values (1,'This is only simple Role User','ROLE_USER','2019-08-19 16:06:26');
insert into `roles`(`roleId`,`role_name`,`category_id`) values (1,'ROLE_USER',1);

insert into `links`(`linkId`,`active`,`categoryId`,`context`,`creationDateTime`,`path`,`permitall`,`providerId`,`roles`,`sensitiveHeaders`,`service_id`,`stripPrefix`,`url`,`appId`) values (6,'Y',0,'ISMiLe','2019-08-02 11:06:16','/agency/api/agenttitle/**','N',1,'ROLE_USER',' Cookie;Set-Cookie ','ISMiLe_agenttitle','Y','http://128.21.33.27:9811/agency/api/json/agenttitle',0);
insert into `links`(`linkId`,`active`,`categoryId`,`context`,`creationDateTime`,`path`,`permitall`,`providerId`,`roles`,`sensitiveHeaders`,`service_id`,`stripPrefix`,`url`,`appId`) values (7,'Y',0,'ISMILE_OAUTH','2019-08-02 09:23:14','/agency/api/token/**','Y',0,'',' Cookie;Set-Cookie','ISMILE_OAUTH','Y','http://localhost:8787/oauth/token',0);
insert into `links`(`linkId`,`active`,`categoryId`,`context`,`creationDateTime`,`path`,`permitall`,`providerId`,`roles`,`sensitiveHeaders`,`service_id`,`stripPrefix`,`url`,`appId`) values (11,'Y',0,'Smile Go-31067c61-34a1-44c9-87b5-f8a7f1eda3a0','2019-08-16 09:51:35','/agency/api/candidateagentdata/**','Y',0,'','Cookie;Set-Cookie','Smile Go-31067c61-34a1-44c9-87b5-f8a7f1eda3a0','Y','http://128.21.33.27:9811/agency/api/json/candidateagentdata',25);
insert into `links`(`linkId`,`active`,`categoryId`,`context`,`creationDateTime`,`path`,`permitall`,`providerId`,`roles`,`sensitiveHeaders`,`service_id`,`stripPrefix`,`url`,`appId`) values (12,'Y',0,'Smile Go-cdbdb60a-32fe-4799-ad16-5a4b60b13126','2019-08-16 09:52:22','/agency/api/uploadfilejpg/**','Y',0,'','Cookie;Set-Cookie','Smile Go-cdbdb60a-32fe-4799-ad16-5a4b60b13126','Y','http://128.21.33.27:9812/upload/api/json/uploadfilejpg',25);
insert into `links`(`linkId`,`active`,`categoryId`,`context`,`creationDateTime`,`path`,`permitall`,`providerId`,`roles`,`sensitiveHeaders`,`service_id`,`stripPrefix`,`url`,`appId`) values (13,'Y',0,'Smile Go-8ece8f90-b176-4b40-a918-e9e88d33a197','2019-08-16 09:52:46','/agency/api/agenttitle/**','Y',0,'','Cookie;Set-Cookie','Smile Go-8ece8f90-b176-4b40-a918-e9e88d33a197','Y','http://128.21.33.27:9811/agency/api/json/agenttitle',25);
insert into `links`(`linkId`,`active`,`categoryId`,`context`,`creationDateTime`,`path`,`permitall`,`providerId`,`roles`,`sensitiveHeaders`,`service_id`,`stripPrefix`,`url`,`appId`) values (14,'Y',0,'Smile Go-5292d802-8a6d-48ea-81e0-127c55a3402c','2019-08-16 09:53:14','/agency/api/submitagentcandidate/**','Y',0,'','Cookie;Set-Cookie','Smile Go-5292d802-8a6d-48ea-81e0-127c55a3402c','Y','http://128.21.33.27:9811/agency/api/json/submitagentcandidate',25);
insert into `links`(`linkId`,`active`,`categoryId`,`context`,`creationDateTime`,`path`,`permitall`,`providerId`,`roles`,`sensitiveHeaders`,`service_id`,`stripPrefix`,`url`,`appId`) values (15,'Y',0,'Smile Go-1f2d8cb6-7462-47e4-b6b4-5165d754b160','2019-08-16 09:53:49','/agency/api/agentlogin/**','Y',0,'','Cookie;Set-Cookie','Smile Go-1f2d8cb6-7462-47e4-b6b4-5165d754b160','Y','http://128.21.33.27:9811/agency/api/json/agentlogin',25);
insert into `links`(`linkId`,`active`,`categoryId`,`context`,`creationDateTime`,`path`,`permitall`,`providerId`,`roles`,`sensitiveHeaders`,`service_id`,`stripPrefix`,`url`,`appId`) values (16,'Y',0,'Smile Go-4808a555-6632-45e1-8790-25a905819a80','2019-08-16 09:54:12','/agency/api/agentforgotpassword/**','Y',0,'','Cookie;Set-Cookie','Smile Go-4808a555-6632-45e1-8790-25a905819a80','Y','http://128.21.33.27:9811/agency/api/json/agentforgotpassword',25);
insert into `links`(`linkId`,`active`,`categoryId`,`context`,`creationDateTime`,`path`,`permitall`,`providerId`,`roles`,`sensitiveHeaders`,`service_id`,`stripPrefix`,`url`,`appId`) values (17,'Y',0,'Smile Go-31bfa11e-349a-439a-9515-c3ee65e819d6','2019-08-16 09:54:40','/agency/api/statusrecruit/**','Y',0,'','Cookie;Set-Cookie','Smile Go-31bfa11e-349a-439a-9515-c3ee65e819d6','Y','http://128.21.33.27:9811/agency/api/json/statusrecruit',25);
insert into `links`(`linkId`,`active`,`categoryId`,`context`,`creationDateTime`,`path`,`permitall`,`providerId`,`roles`,`sensitiveHeaders`,`service_id`,`stripPrefix`,`url`,`appId`) values (18,'Y',0,'Smile Go-6fedd94f-d282-492e-94d8-c99e4b13512e','2019-08-16 09:55:13','/agency/api/showimage/**','Y',0,'','Cookie;Set-Cookie','Smile Go-6fedd94f-d282-492e-94d8-c99e4b13512e','Y','http://128.21.33.27:9811/agency/api/json/showimage',25);
insert into `links`(`linkId`,`active`,`categoryId`,`context`,`creationDateTime`,`path`,`permitall`,`providerId`,`roles`,`sensitiveHeaders`,`service_id`,`stripPrefix`,`url`,`appId`) values (19,'Y',0,'Smile Go Test-290c7bec-7085-47a2-aa84-f1175430f445','2019-08-16 09:58:53','/agencytest/api/candidateagentdata/**','Y',0,'','Cookie;Set-Cookie','Smile Go Test-290c7bec-7085-47a2-aa84-f1175430f445','Y','http://128.21.33.27:9889/agency/api/json/candidateagentdata',26);
insert into `links`(`linkId`,`active`,`categoryId`,`context`,`creationDateTime`,`path`,`permitall`,`providerId`,`roles`,`sensitiveHeaders`,`service_id`,`stripPrefix`,`url`,`appId`) values (20,'Y',0,'Smile Go Test-eeedb9ca-4534-4495-8cbc-6e22b0eb36b7','2019-08-16 09:59:16','/agencytest/api/uploadfilejpg/**','Y',0,'','Cookie;Set-Cookie','Smile Go Test-eeedb9ca-4534-4495-8cbc-6e22b0eb36b7','Y','http://128.21.33.27:9888/upload/api/json/uploadfilejpg',26);
insert into `links`(`linkId`,`active`,`categoryId`,`context`,`creationDateTime`,`path`,`permitall`,`providerId`,`roles`,`sensitiveHeaders`,`service_id`,`stripPrefix`,`url`,`appId`) values (21,'Y',0,'Smile Go Test-fcd650fc-f518-46d9-b843-a1afc0e020ff','2019-08-16 09:59:38','/agencytest/api/agenttitle/**','Y',0,'','Cookie;Set-Cookie','Smile Go Test-fcd650fc-f518-46d9-b843-a1afc0e020ff','Y','http://128.21.33.27:9889/agency/api/json/agenttitle',26);
insert into `links`(`linkId`,`active`,`categoryId`,`context`,`creationDateTime`,`path`,`permitall`,`providerId`,`roles`,`sensitiveHeaders`,`service_id`,`stripPrefix`,`url`,`appId`) values (22,'Y',0,'Smile Go Test-8de8033e-b940-468a-a7e3-a12ca27197d2','2019-08-16 10:00:01','/agencytest/api/submitagentcandidate/**','Y',0,'','Cookie;Set-Cookie','Smile Go Test-8de8033e-b940-468a-a7e3-a12ca27197d2','Y','http://128.21.33.27:9889/agency/api/json/submitagentcandidate',26);
insert into `links`(`linkId`,`active`,`categoryId`,`context`,`creationDateTime`,`path`,`permitall`,`providerId`,`roles`,`sensitiveHeaders`,`service_id`,`stripPrefix`,`url`,`appId`) values (23,'Y',0,'Smile Go Test-9b333cba-6048-4983-ba8a-c57b1d411bd7','2019-08-16 10:00:28','/agencytest/api/agentlogin/**','Y',0,'','Cookie;Set-Cookie','Smile Go Test-9b333cba-6048-4983-ba8a-c57b1d411bd7','Y','http://128.21.33.27:9889/agency/api/json/agentlogin',26);
insert into `links`(`linkId`,`active`,`categoryId`,`context`,`creationDateTime`,`path`,`permitall`,`providerId`,`roles`,`sensitiveHeaders`,`service_id`,`stripPrefix`,`url`,`appId`) values (24,'Y',0,'Smile Go Test-98324b6f-46a2-4797-b94b-e833fc116285','2019-08-16 10:00:46','/agencytest/api/agentforgotpassword/**','Y',0,'','Cookie;Set-Cookie','Smile Go Test-98324b6f-46a2-4797-b94b-e833fc116285','Y','http://128.21.33.27:9889/agency/api/json/agentforgotpassword',26);
insert into `links`(`linkId`,`active`,`categoryId`,`context`,`creationDateTime`,`path`,`permitall`,`providerId`,`roles`,`sensitiveHeaders`,`service_id`,`stripPrefix`,`url`,`appId`) values (25,'Y',0,'Smile Go Test-9a29e4db-cab4-4ba1-b86b-3f9d6c33a3ac','2019-08-16 10:01:11','/agencytest/api/statusrecruit/**','Y',0,'','Cookie;Set-Cookie','Smile Go Test-9a29e4db-cab4-4ba1-b86b-3f9d6c33a3ac','Y','http://128.21.33.27:9889/agency/api/json/statusrecruit',26);
insert into `links`(`linkId`,`active`,`categoryId`,`context`,`creationDateTime`,`path`,`permitall`,`providerId`,`roles`,`sensitiveHeaders`,`service_id`,`stripPrefix`,`url`,`appId`) values (26,'Y',0,'Smile Go Test-310ed829-c22e-4492-ab50-231b423f4987','2019-08-16 10:01:34','/agencytest/api/submitcandidateagent/**','Y',0,'','Cookie;Set-Cookie','Smile Go Test-310ed829-c22e-4492-ab50-231b423f4987','Y','http://128.21.33.27:9889/agency/api/json/submitcandidateagent',26);
insert into `links`(`linkId`,`active`,`categoryId`,`context`,`creationDateTime`,`path`,`permitall`,`providerId`,`roles`,`sensitiveHeaders`,`service_id`,`stripPrefix`,`url`,`appId`) values (27,'Y',0,'Smile Go Test-fab22d76-ce9b-4f54-a033-ec441debc4b6','2019-08-16 10:01:56','/agencytest/api/agentcandidatelogin/**','Y',0,'','Cookie;Set-Cookie','Smile Go Test-fab22d76-ce9b-4f54-a033-ec441debc4b6','Y','http://128.21.33.27:9889/agency/api/json/agentcandidatelogin',26);
insert into `links`(`linkId`,`active`,`categoryId`,`context`,`creationDateTime`,`path`,`permitall`,`providerId`,`roles`,`sensitiveHeaders`,`service_id`,`stripPrefix`,`url`,`appId`) values (28,'Y',0,'Smile Go Test-73a56d9e-0834-4fa3-9880-28e334072c07','2019-08-16 10:02:27','/agencytest/api/agentcandidateforgotpassword/**','Y',0,'','Cookie;Set-Cookie','Smile Go Test-73a56d9e-0834-4fa3-9880-28e334072c07','Y','http://128.21.33.27:9889/agency/api/json/agentcandidateforgotpassword',26);
insert into `links`(`linkId`,`active`,`categoryId`,`context`,`creationDateTime`,`path`,`permitall`,`providerId`,`roles`,`sensitiveHeaders`,`service_id`,`stripPrefix`,`url`,`appId`) values (29,'Y',0,'Smile Go Test-03824552-7e53-4b14-9b3b-be8959e31224','2019-08-16 10:02:55','/agencytest/api/savetoken/**','Y',0,'','Cookie;Set-Cookie','Smile Go Test-03824552-7e53-4b14-9b3b-be8959e31224','Y','http://128.21.33.27:9886/notif/api/json/savetoken',26);
insert into `links`(`linkId`,`active`,`categoryId`,`context`,`creationDateTime`,`path`,`permitall`,`providerId`,`roles`,`sensitiveHeaders`,`service_id`,`stripPrefix`,`url`,`appId`) values (30,'Y',0,'Smile Go Test-acca2a67-20a1-4e4d-b449-cd8ae0aa1642','2019-08-16 10:03:21','/agencytest/api/inbox/**','Y',0,'','Cookie;Set-Cookie','Smile Go Test-acca2a67-20a1-4e4d-b449-cd8ae0aa1642','Y','http://128.21.33.27:9886/notif/api/json/inbox',26);
insert into `links`(`linkId`,`active`,`categoryId`,`context`,`creationDateTime`,`path`,`permitall`,`providerId`,`roles`,`sensitiveHeaders`,`service_id`,`stripPrefix`,`url`,`appId`) values (31,'Y',0,'Smile Go-6f4aaf41-03f3-4906-9840-45c3ac34dc4f','2019-08-16 10:04:04','/agency/api/submitcandidateagent/**','Y',0,'','Cookie;Set-Cookie','Smile Go-6f4aaf41-03f3-4906-9840-45c3ac34dc4f','Y','http://128.21.33.27:9811/agency/api/json/submitcandidateagent',25);
insert into `links`(`linkId`,`active`,`categoryId`,`context`,`creationDateTime`,`path`,`permitall`,`providerId`,`roles`,`sensitiveHeaders`,`service_id`,`stripPrefix`,`url`,`appId`) values (32,'Y',0,'Smile Go Test-30bfd664-f2b3-436f-949b-6d865110cab9','2019-08-16 10:04:48','/agencytest/api/updateinboxstatus/**','Y',0,'','Cookie;Set-Cookie','Smile Go Test-30bfd664-f2b3-436f-949b-6d865110cab9','Y','http://128.21.33.27:9886/notif/api/json/updateinboxstatus',26);
insert into `links`(`linkId`,`active`,`categoryId`,`context`,`creationDateTime`,`path`,`permitall`,`providerId`,`roles`,`sensitiveHeaders`,`service_id`,`stripPrefix`,`url`,`appId`) values (33,'Y',0,'Smile Go Test-d8872c96-173f-416d-8da0-54e01e4a61d7','2019-08-16 10:06:08','/agencytest/api/convertFilePDFfromBase/**','Y',0,'','Cookie;Set-Cookie','Smile Go Test-d8872c96-173f-416d-8da0-54e01e4a61d7','Y','http://128.21.33.27:9888/upload/api/json/convertFilePDFfromBase',26);
insert into `links`(`linkId`,`active`,`categoryId`,`context`,`creationDateTime`,`path`,`permitall`,`providerId`,`roles`,`sensitiveHeaders`,`service_id`,`stripPrefix`,`url`,`appId`) values (34,'Y',0,'Smile Go Test-8115633d-9206-4c1e-8778-58b336df7ccc','2019-08-16 10:07:08','/agencytest/api/getallkota/**','Y',0,'','Cookie;Set-Cookie','Smile Go Test-8115633d-9206-4c1e-8778-58b336df7ccc','Y',' http://128.21.33.27:9889/agency/api/json/getallkota',26);
insert into `links`(`linkId`,`active`,`categoryId`,`context`,`creationDateTime`,`path`,`permitall`,`providerId`,`roles`,`sensitiveHeaders`,`service_id`,`stripPrefix`,`url`,`appId`) values (35,'Y',0,'Smile Go Test-0835d4a6-dbd4-4e43-bb15-6d27f26e1ecb','2019-08-16 10:07:38','/agencytest/api/getagencycontract/**','Y',0,'','Cookie;Set-Cookie','Smile Go Test-0835d4a6-dbd4-4e43-bb15-6d27f26e1ecb','Y','http://128.21.33.27:9889/agency/api/json/getagencycontract',26);
insert into `links`(`linkId`,`active`,`categoryId`,`context`,`creationDateTime`,`path`,`permitall`,`providerId`,`roles`,`sensitiveHeaders`,`service_id`,`stripPrefix`,`url`,`appId`) values (36,'Y',0,'MPolicy Test-dff7cd96-2d6c-429b-a933-98a67d590329','2019-08-16 10:11:23','/mpolicytest/api/statement/**','Y',0,'','Cookie;Set-Cookie','MPolicy Test-dff7cd96-2d6c-429b-a933-98a67d590329','Y','http://128.21.33.27:9887/policy/api/json/statement',27);
insert into `links`(`linkId`,`active`,`categoryId`,`context`,`creationDateTime`,`path`,`permitall`,`providerId`,`roles`,`sensitiveHeaders`,`service_id`,`stripPrefix`,`url`,`appId`) values (37,'Y',0,'MPolicy Test-bd3cabbe-cc1e-418d-b28c-b19a4c37427e','2019-08-16 10:11:52','/mpolicytest/api/viewclaim/**','Y',0,'','Cookie;Set-Cookie','MPolicy Test-bd3cabbe-cc1e-418d-b28c-b19a4c37427e','Y','http://128.21.33.27:9887/policy/api/json/viewclaim',27);
insert into `links`(`linkId`,`active`,`categoryId`,`context`,`creationDateTime`,`path`,`permitall`,`providerId`,`roles`,`sensitiveHeaders`,`service_id`,`stripPrefix`,`url`,`appId`) values (38,'Y',0,'MPolicy Test-757053df-f779-4820-ada1-df2706424189','2019-08-16 10:12:26','/mpolicytest/api/statement/download/**','Y',0,'','Cookie;Set-Cookie','MPolicy Test-757053df-f779-4820-ada1-df2706424189','Y','http://128.21.33.27:9887/policy/api/json/statement/download',27);
insert into `links`(`linkId`,`active`,`categoryId`,`context`,`creationDateTime`,`path`,`permitall`,`providerId`,`roles`,`sensitiveHeaders`,`service_id`,`stripPrefix`,`url`,`appId`) values (39,'Y',0,'MPolicy Test-66a6bae4-f5d6-4c32-8703-1b536b0b39c1','2019-08-16 10:12:59','/mpolicytest/api/pemegangpolis/update/**','Y',0,'','Cookie;Set-Cookie','MPolicy Test-66a6bae4-f5d6-4c32-8703-1b536b0b39c1','Y','http://128.21.33.27:9887/policy/api/json/pemegangpolis/update',27);
insert into `links`(`linkId`,`active`,`categoryId`,`context`,`creationDateTime`,`path`,`permitall`,`providerId`,`roles`,`sensitiveHeaders`,`service_id`,`stripPrefix`,`url`,`appId`) values (40,'Y',0,'MPolicy Test-c0ec8be8-6daa-4c90-867d-19c73ae33331','2019-08-16 10:13:42','/mpolicytest/api/dataasuransi/download/manfaat**','Y',0,'','Cookie;Set-Cookie','MPolicy Test-c0ec8be8-6daa-4c90-867d-19c73ae33331','Y','http://128.21.33.27:9887/policy/api/json/dataasuransi/download/manfaat',27);
insert into `links`(`linkId`,`active`,`categoryId`,`context`,`creationDateTime`,`path`,`permitall`,`providerId`,`roles`,`sensitiveHeaders`,`service_id`,`stripPrefix`,`url`,`appId`) values (41,'Y',0,'MPolicy Test-d9d5ccd4-88cc-4813-ba1c-df4ba60155b6','2019-08-16 10:14:00','/mpolicytest/api/clearkey/**','Y',0,'','Cookie;Set-Cookie','MPolicy Test-d9d5ccd4-88cc-4813-ba1c-df4ba60155b6','Y','http://128.21.33.27:9887/policy/api/json/clearkey',27);
insert into `links`(`linkId`,`active`,`categoryId`,`context`,`creationDateTime`,`path`,`permitall`,`providerId`,`roles`,`sensitiveHeaders`,`service_id`,`stripPrefix`,`url`,`appId`) values (42,'Y',0,'MPolicy Test-6813be10-9d2b-45a0-a3eb-c39eb16eec7e','2019-08-16 10:14:27','/mpolicytest/api/savetoken/**','Y',0,'','Cookie;Set-Cookie','MPolicy Test-6813be10-9d2b-45a0-a3eb-c39eb16eec7e','Y','http://128.21.33.27:9886/notif/api/json/savetoken',27);
insert into `links`(`linkId`,`active`,`categoryId`,`context`,`creationDateTime`,`path`,`permitall`,`providerId`,`roles`,`sensitiveHeaders`,`service_id`,`stripPrefix`,`url`,`appId`) values (43,'Y',0,'MPolicy Test-40cc3f9f-67b2-4476-a051-c602b0edb072','2019-08-16 10:55:13','/mpolicytest/api/inbox/**','Y',0,'','Cookie;Set-Cookie','MPolicy Test-40cc3f9f-67b2-4476-a051-c602b0edb072','Y','http://128.21.33.27:9886/notif/api/json/inbox',27);
insert into `links`(`linkId`,`active`,`categoryId`,`context`,`creationDateTime`,`path`,`permitall`,`providerId`,`roles`,`sensitiveHeaders`,`service_id`,`stripPrefix`,`url`,`appId`) values (44,'Y',0,'MPolicy Test-cf3db3a4-67e2-47ef-b6a0-83eb36efd535','2019-08-16 10:55:37','/mpolicytest/api/provinsi/**','Y',0,'','Cookie;Set-Cookie','MPolicy Test-cf3db3a4-67e2-47ef-b6a0-83eb36efd535','Y','http://128.21.33.27:9887/policy/api/json/provinsi',27);
insert into `links`(`linkId`,`active`,`categoryId`,`context`,`creationDateTime`,`path`,`permitall`,`providerId`,`roles`,`sensitiveHeaders`,`service_id`,`stripPrefix`,`url`,`appId`) values (45,'Y',0,'MPolicy Test-da3c5a98-9689-4d53-bd92-e318a6fffef5','2019-08-16 10:55:58','/mpolicytest/api/deleteallinbox/**','Y',0,'','Cookie;Set-Cookie','MPolicy Test-da3c5a98-9689-4d53-bd92-e318a6fffef5','Y','http://128.21.33.27:9887/policy/api/json/deleteallinbox',27);
insert into `links`(`linkId`,`active`,`categoryId`,`context`,`creationDateTime`,`path`,`permitall`,`providerId`,`roles`,`sensitiveHeaders`,`service_id`,`stripPrefix`,`url`,`appId`) values (46,'Y',0,'MPolicy Test-389538f8-7123-4ccb-aa39-84a94e90a290','2019-08-16 10:56:17','/mpolicytest/api/updateinboxstatus/**','Y',0,'','Cookie;Set-Cookie','MPolicy Test-389538f8-7123-4ccb-aa39-84a94e90a290','Y','http://128.21.33.27:9887/policy/api/json/updateinboxstatus',27);
insert into `links`(`linkId`,`active`,`categoryId`,`context`,`creationDateTime`,`path`,`permitall`,`providerId`,`roles`,`sensitiveHeaders`,`service_id`,`stripPrefix`,`url`,`appId`) values (47,'Y',0,'MPolicy Test-6f6cc318-d058-45c9-8d64-0fa316e8f948','2019-08-16 10:56:36','/mpolicytest/api/gettopuplist/**','Y',0,'','Cookie;Set-Cookie','MPolicy Test-6f6cc318-d058-45c9-8d64-0fa316e8f948','Y','http://128.21.33.27:9887/policy/api/json/gettopuplist',27);
insert into `links`(`linkId`,`active`,`categoryId`,`context`,`creationDateTime`,`path`,`permitall`,`providerId`,`roles`,`sensitiveHeaders`,`service_id`,`stripPrefix`,`url`,`appId`) values (48,'Y',0,'MPolicy Test-fb7a4d57-76e4-43f3-8401-f0b77624f1fd','2019-08-16 10:57:01','/mpolicytest/api/viewuserinputtopup/**','Y',0,'','Cookie;Set-Cookie','MPolicy Test-fb7a4d57-76e4-43f3-8401-f0b77624f1fd','Y','http://128.21.33.27:9887/policy/api/json/viewuserinputtopup',27);
insert into `links`(`linkId`,`active`,`categoryId`,`context`,`creationDateTime`,`path`,`permitall`,`providerId`,`roles`,`sensitiveHeaders`,`service_id`,`stripPrefix`,`url`,`appId`) values (49,'Y',0,'MPolicy Test-61afade6-3ce8-4952-9f98-5a3e00049aa8','2019-08-16 10:57:32','/mpolicytest/api/countinboxunread/**','Y',0,'','Cookie;Set-Cookie','MPolicy Test-61afade6-3ce8-4952-9f98-5a3e00049aa8','Y','http://128.21.33.27:9887/policy/api/json/countinboxunread',27);
insert into `links`(`linkId`,`active`,`categoryId`,`context`,`creationDateTime`,`path`,`permitall`,`providerId`,`roles`,`sensitiveHeaders`,`service_id`,`stripPrefix`,`url`,`appId`) values (50,'Y',0,'Smile Go-ba164378-c091-4367-9ff1-850b52a7bf9b','2019-08-16 10:58:23','/agency/api/inbox/**','Y',0,'','Cookie;Set-Cookie','Smile Go-ba164378-c091-4367-9ff1-850b52a7bf9b','Y','http://128.21.33.27:9813/notif/api/json/inbox',25);
insert into `links`(`linkId`,`active`,`categoryId`,`context`,`creationDateTime`,`path`,`permitall`,`providerId`,`roles`,`sensitiveHeaders`,`service_id`,`stripPrefix`,`url`,`appId`) values (51,'Y',0,'Smile Go-91f1edbf-5209-46cf-9a8e-45a9f67ec744','2019-08-16 10:58:47','/agency/api/home/**','Y',0,'','Cookie;Set-Cookie','Smile Go-91f1edbf-5209-46cf-9a8e-45a9f67ec744','Y','http://128.21.33.27:9813/notif/api/json/home',25);
insert into `links`(`linkId`,`active`,`categoryId`,`context`,`creationDateTime`,`path`,`permitall`,`providerId`,`roles`,`sensitiveHeaders`,`service_id`,`stripPrefix`,`url`,`appId`) values (52,'Y',0,'Smile Go-9e440a93-5838-4c7d-a431-cc83288ba318','2019-08-16 10:59:11','/agency/api/agentcandidatelogin/**','Y',0,'','Cookie;Set-Cookie','Smile Go-9e440a93-5838-4c7d-a431-cc83288ba318','Y','http://128.21.33.27:9811/agency/api/json/agentcandidatelogin',25);
insert into `links`(`linkId`,`active`,`categoryId`,`context`,`creationDateTime`,`path`,`permitall`,`providerId`,`roles`,`sensitiveHeaders`,`service_id`,`stripPrefix`,`url`,`appId`) values (53,'Y',0,'Smile Go-edf1bb00-05e8-4567-a4df-60d66a691276','2019-08-16 10:59:31','/agency/api/agentcandidateforgotpassword/**','Y',0,'','Cookie;Set-Cookie','Smile Go-edf1bb00-05e8-4567-a4df-60d66a691276','Y',' 	http://128.21.33.27:9811/agency/api/json/agentcandidateforgotpassword 	',25);
insert into `links`(`linkId`,`active`,`categoryId`,`context`,`creationDateTime`,`path`,`permitall`,`providerId`,`roles`,`sensitiveHeaders`,`service_id`,`stripPrefix`,`url`,`appId`) values (54,'Y',0,'Smile Go-63cb305b-bbd5-49b8-a815-5c9db20a5506','2019-08-16 10:59:52','/agency/api/getallkota/**','Y',0,'','Cookie;Set-Cookie','Smile Go-63cb305b-bbd5-49b8-a815-5c9db20a5506','Y','http://128.21.33.27:9811/agency/api/json/getallkota',25);
insert into `links`(`linkId`,`active`,`categoryId`,`context`,`creationDateTime`,`path`,`permitall`,`providerId`,`roles`,`sensitiveHeaders`,`service_id`,`stripPrefix`,`url`,`appId`) values (55,'Y',0,'Smile Go-7b9871d7-55df-4093-812f-dc640f0c9aa9','2019-08-16 11:00:11','/agency/api/getagencycontract/**','Y',0,'','Cookie;Set-Cookie','Smile Go-7b9871d7-55df-4093-812f-dc640f0c9aa9','Y','http://128.21.33.27:9811/agency/api/json/getagencycontract',25);
insert into `links`(`linkId`,`active`,`categoryId`,`context`,`creationDateTime`,`path`,`permitall`,`providerId`,`roles`,`sensitiveHeaders`,`service_id`,`stripPrefix`,`url`,`appId`) values (56,'Y',0,'Smile Go-cb2b9971-aaf0-490a-9ac8-27e1db93d972','2019-08-16 11:00:34','/agency/api/submitdata/**','Y',0,'','Cookie;Set-Cookie','Smile Go-cb2b9971-aaf0-490a-9ac8-27e1db93d972','Y','http://128.21.33.27:9811/agency/api/json/submitdata',25);
insert into `links`(`linkId`,`active`,`categoryId`,`context`,`creationDateTime`,`path`,`permitall`,`providerId`,`roles`,`sensitiveHeaders`,`service_id`,`stripPrefix`,`url`,`appId`) values (57,'Y',0,'Smile Go-4912eb56-29e8-4239-9338-60d174fc425e','2019-08-16 11:00:52','/agency/api/currentstatus/**','Y',0,'','Cookie;Set-Cookie','Smile Go-4912eb56-29e8-4239-9338-60d174fc425e','Y','http://128.21.33.27:9811/agency/api/json/currentstatus',25);
insert into `links`(`linkId`,`active`,`categoryId`,`context`,`creationDateTime`,`path`,`permitall`,`providerId`,`roles`,`sensitiveHeaders`,`service_id`,`stripPrefix`,`url`,`appId`) values (58,'Y',0,'Smile Go-9c91049e-e60e-4fa3-ab5a-34b23ee81dc9','2019-08-16 11:01:11','/agency/api/leaderapproval/**','Y',0,'','Cookie;Set-Cookie','Smile Go-9c91049e-e60e-4fa3-ab5a-34b23ee81dc9','Y','http://128.21.33.27:9811/agency/api/json/leaderapproval',25);
insert into `links`(`linkId`,`active`,`categoryId`,`context`,`creationDateTime`,`path`,`permitall`,`providerId`,`roles`,`sensitiveHeaders`,`service_id`,`stripPrefix`,`url`,`appId`) values (59,'Y',0,'Smile Go-bd0e5782-b2d1-485c-b2a2-2f40188778ee','2019-08-16 11:01:40','/agency/api/submitapproval/**','Y',0,'','Cookie;Set-Cookie','Smile Go-bd0e5782-b2d1-485c-b2a2-2f40188778ee','Y','http://128.21.33.27:9811/agency/api/json/submitapproval',25);
insert into `links`(`linkId`,`active`,`categoryId`,`context`,`creationDateTime`,`path`,`permitall`,`providerId`,`roles`,`sensitiveHeaders`,`service_id`,`stripPrefix`,`url`,`appId`) values (60,'Y',0,'Smile Go-9c30a7f5-4ff9-4f1f-9332-1bb1572f2a6f','2019-08-16 11:02:10','/agency/api/getstatusapprove/**','Y',0,'','Cookie;Set-Cookie','Smile Go-9c30a7f5-4ff9-4f1f-9332-1bb1572f2a6f','Y','http://128.21.33.27:9811/agency/api/json/getstatusapprove',25);
insert into `links`(`linkId`,`active`,`categoryId`,`context`,`creationDateTime`,`path`,`permitall`,`providerId`,`roles`,`sensitiveHeaders`,`service_id`,`stripPrefix`,`url`,`appId`) values (61,'Y',0,'Smile Go-c5383c77-2643-4201-aa2f-0fa3216f315e','2019-08-16 11:02:35','/agency/api/getkotalicense/**','Y',0,'','Cookie;Set-Cookie','Smile Go-c5383c77-2643-4201-aa2f-0fa3216f315e','Y','http://128.21.33.27:9811/agency/api/json/getkotalicense',25);
insert into `links`(`linkId`,`active`,`categoryId`,`context`,`creationDateTime`,`path`,`permitall`,`providerId`,`roles`,`sensitiveHeaders`,`service_id`,`stripPrefix`,`url`,`appId`) values (62,'Y',0,'Smile Go-123874aa-846a-4128-8ebe-2a57859965f6','2019-08-16 11:10:03','/agency/api/getdatalicensebycity/**','Y',0,'','Cookie;Set-Cookie','Smile Go-123874aa-846a-4128-8ebe-2a57859965f6','Y','http://128.21.33.27:9811/agency/api/json/getdatalicensebycity',25);
insert into `links`(`linkId`,`active`,`categoryId`,`context`,`creationDateTime`,`path`,`permitall`,`providerId`,`roles`,`sensitiveHeaders`,`service_id`,`stripPrefix`,`url`,`appId`) values (64,'Y',0,'Smile Go-e40862ab-f801-4db9-a570-2dd3e6dd5564','2019-08-16 11:11:39','/agency/api/submitexamdata/**','Y',0,'','Cookie;Set-Cookie','Smile Go-e40862ab-f801-4db9-a570-2dd3e6dd5564','Y','http://128.21.33.27:9811/agency/api/json/submitexamdata',25);
insert into `links`(`linkId`,`active`,`categoryId`,`context`,`creationDateTime`,`path`,`permitall`,`providerId`,`roles`,`sensitiveHeaders`,`service_id`,`stripPrefix`,`url`,`appId`) values (65,'Y',0,'Smile Go-6992ee2c-2665-4b1c-b6b1-882edef92238','2019-08-16 11:12:22','/agency/api/downloadcontract/**','Y',0,'','Cookie;Set-Cookie','Smile Go-6992ee2c-2665-4b1c-b6b1-882edef92238','Y','http://128.21.33.27:9811/agency/api/json/downloadcontract',25);
insert into `links`(`linkId`,`active`,`categoryId`,`context`,`creationDateTime`,`path`,`permitall`,`providerId`,`roles`,`sensitiveHeaders`,`service_id`,`stripPrefix`,`url`,`appId`) values (66,'Y',0,'Smile Go-7c257b65-6445-45a4-8456-9f6bc4a1fa3c','2019-08-16 11:12:48','/agencyhttp://128.21.33.27:9812/upload/api/json/uploadfilebase','Y',0,'','Cookie;Set-Cookie','Smile Go-7c257b65-6445-45a4-8456-9f6bc4a1fa3c','Y','/api/uploadfilebase /**',25);
insert into `links`(`linkId`,`active`,`categoryId`,`context`,`creationDateTime`,`path`,`permitall`,`providerId`,`roles`,`sensitiveHeaders`,`service_id`,`stripPrefix`,`url`,`appId`) values (67,'Y',0,'Smile Go-cd04ef72-d06b-4379-8835-24dcc948d54e','2019-08-16 11:13:10','/agency/api/convertFilePDFfromBase /**','Y',0,'','Cookie;Set-Cookie','Smile Go-cd04ef72-d06b-4379-8835-24dcc948d54e','Y','http://128.21.33.27:9812/upload/api/json/convertFilePDFfromBase ',25);
insert into `links`(`linkId`,`active`,`categoryId`,`context`,`creationDateTime`,`path`,`permitall`,`providerId`,`roles`,`sensitiveHeaders`,`service_id`,`stripPrefix`,`url`,`appId`) values (68,'Y',0,'MPolicy Test-b77e9273-c9b4-4e69-b5fe-68e09d3796b8','2019-08-16 11:13:44','/mpolicytest/api/getinfotopup/**','Y',0,'','Cookie;Set-Cookie','MPolicy Test-b77e9273-c9b4-4e69-b5fe-68e09d3796b8','Y','http://128.21.33.27:9887/policy/api/json/getinfotopup',27);
insert into `links`(`linkId`,`active`,`categoryId`,`context`,`creationDateTime`,`path`,`permitall`,`providerId`,`roles`,`sensitiveHeaders`,`service_id`,`stripPrefix`,`url`,`appId`) values (69,'Y',0,'MPolicy Test-2bf1230c-db4d-413a-96ee-6fdd5a6cff41','2019-08-16 11:14:01','/mpolicytest/api/banner/**','Y',0,'','Cookie;Set-Cookie','MPolicy Test-2bf1230c-db4d-413a-96ee-6fdd5a6cff41','Y','http://128.21.33.27:9887/policy/api/json/banner',27);
insert into `links`(`linkId`,`active`,`categoryId`,`context`,`creationDateTime`,`path`,`permitall`,`providerId`,`roles`,`sensitiveHeaders`,`service_id`,`stripPrefix`,`url`,`appId`) values (70,'Y',0,'MPolicy Test-b208c059-9cb2-46ec-87c6-e51c286081f4','2019-08-16 11:14:16','/mpolicytest/api/downloadprooftransaction/**','Y',0,'','Cookie;Set-Cookie','MPolicy Test-b208c059-9cb2-46ec-87c6-e51c286081f4','Y','http://128.21.33.27:9887/policy/api/json/downloadprooftransaction',27);
insert into `links`(`linkId`,`active`,`categoryId`,`context`,`creationDateTime`,`path`,`permitall`,`providerId`,`roles`,`sensitiveHeaders`,`service_id`,`stripPrefix`,`url`,`appId`) values (71,'Y',0,'MPolicy Test-984305bb-8e6b-44c8-af7b-4c81a9671656','2019-08-16 11:14:34','/mpolicytest/api/detailstablelink/** 	','Y',0,'','Cookie;Set-Cookie','MPolicy Test-984305bb-8e6b-44c8-af7b-4c81a9671656','Y','http://128.21.33.27:9887/policy/api/json/detailstablelink',27);
insert into `links`(`linkId`,`active`,`categoryId`,`context`,`creationDateTime`,`path`,`permitall`,`providerId`,`roles`,`sensitiveHeaders`,`service_id`,`stripPrefix`,`url`,`appId`) values (72,'Y',0,'MPolicy Test-253b5288-2a03-4901-ab11-cdf485ce9b78','2019-08-16 11:14:55','/mpolicytest/api/submitdatatransaction/**','Y',0,'','Cookie;Set-Cookie','MPolicy Test-253b5288-2a03-4901-ab11-cdf485ce9b78','Y','http://128.21.33.27:9887/policy/api/json/submitdatatransaction',27);
insert into `links`(`linkId`,`active`,`categoryId`,`context`,`creationDateTime`,`path`,`permitall`,`providerId`,`roles`,`sensitiveHeaders`,`service_id`,`stripPrefix`,`url`,`appId`) values (75,'N',0,'Autosales-8429f7c7-1b26-4fdd-a59e-841d9cd4e0d1','2019-08-16 16:02:26','/autosales/toll/sync_lead/**','N',0,'','','Autosales-8429f7c7-1b26-4fdd-a59e-841d9cd4e0d1','Y','https://crmtest.sinarmasmsiglife.co.id/v2/index.php/toll/sync_lead',24);
insert into `links`(`linkId`,`active`,`categoryId`,`context`,`creationDateTime`,`path`,`permitall`,`providerId`,`roles`,`sensitiveHeaders`,`service_id`,`stripPrefix`,`url`,`appId`) values (76,'Y',1,'Node JS Chandra-6d4df944-03e4-4dc3-909e-78c107b2d25a','2019-08-19 15:57:27','/nodejs/api/employees/**','N',1,'ROLE_USER','','Node JS Chandra-6d4df944-03e4-4dc3-909e-78c107b2d25a','Y','http://128.21.23.37:5500/api/employees',28);
insert into `links`(`linkId`,`active`,`categoryId`,`context`,`creationDateTime`,`path`,`permitall`,`providerId`,`roles`,`sensitiveHeaders`,`service_id`,`stripPrefix`,`url`,`appId`) values (85,'Y',1,'Node JS Chandra-9ecc1987-33a0-46f7-8b77-a4084cd57a76','2019-08-19 16:19:19','/nodejs/api/token/**','Y',1,'','Cookie;Set-Cookie','Node JS Chandra-9ecc1987-33a0-46f7-8b77-a4084cd57a76','Y','http://localhost:8787/oauth/token',28);

